Alameda, CA 94501
Alameda, CA 94501
Alameda, CA 94501
Alameda, CA 94501
Alameda, CA 94501
Alameda, CA 94501
Alameda, CA 94501
Alameda, CA 94501
Alameda, CA 94501
Alameda, CA 94501
Alameda, CA 94501
Alameda, CA 94501
Alameda, CA 94501
Alameda, CA 94501
Albany, CA 94706
Albany, CA 94706
Albany, CA 94706
Albany, CA 94706
Albany, CA 94706
Albany, CA 94706
Albany, CA 94706
Albany, CA 94706
Berkeley, CA 94704
Berkeley, CA 94704
Berkeley, CA 94704
Berkeley, CA 94704
Berkeley, CA 94704
Berkeley, CA 94704
Berkeley, CA 94704
Berkeley, CA 94704
Berkeley, CA 94704
Berkeley, CA 94704
Berkeley, CA 94704
Berkeley, CA 94704
Berkeley, CA 94704
Berkeley, CA 94703
Berkeley, CA 94709
Berkeley, CA 94709
Berkeley, CA 94703
Berkeley, CA 94704
Berkeley, CA 94709
Berkeley, CA 94704
Berkeley, CA 94704
Berkeley, CA 94702
Berkeley, CA 94505
Berkeley, CA 94704
Berkeley, CA 94704
Berkeley, CA 94702
Berkeley, CA 94705
Berkeley, CA 94702
Berkeley, CA 94702
Berkeley, CA 94707
BERKELEY, CA 94710
Berkeley, CA 94707
Berkeley, CA 94707
Berkeley, CA 94705
Berkeley, CA 94703
Berkeley, CA 94705
Berkeley, CA 94705
Dublin, CA 94568
Dublin, CA 94568
Dublin, CA 94568
Dublin, CA 94568
Dublin, CA 94568
Dublin, CA 94568
Dublin, CA 94568
Emeryville, CA 94608
Emeryville, CA 94608
Emeryville, CA 94608
Emeryville, CA 94608
Emeryville, CA 94508
Emeryville, CA 94608
Fremont, CA 94538
Fremont, CA 94536
Fremont, CA 94538
Fremont, CA 94538
Fremont, CA 94538
Fremont, CA 94536
Fremont, CA 94536
Fremont, CA 94536
Fremont, CA 94538
Newark, CA 94560
Newark, CA 94560
Newark, CA 94560
Newark, CA 94560
Fremont, CA 94538
Newark, CA 94560
Fremont, CA 94538
Fremont, CA 94538
Newark, CA 94560
Fremont, CA 94538
Newark, CA 94560
Hayward, CA 94544
Hayward, CA 94541
Hayward, CA 94541
Hayward, CA 94541
Hayward, CA 94541
Hayward, CA 94544
Hayward, CA 94541
Hayward, CA 94541
Hayward, CA 94541
Hayward, CA 94544
Hayward, CA 94544
Castro Valley, CA 94546
Castro Valley, CA 94546
Hayward, CA 94545
Hayward, CA 94544
Hayward, CA 94541
San Lorenzo, CA 94580
San Leandro, CA 94578
Hayward, CA 94544
Hayward, CA 94544
Livermore, CA 94550
Livermore, CA 94550
Livermore, CA 94551
Livermore, CA 94551
Livermore, CA 94551
Pleasanton, CA 94566
Pleasanton, CA 94566
Pleasanton, CA 94566
Pleasanton, CA 94566
Pleasanton, CA 94566
Pleasanton, CA 94566
Pleasanton, CA 94566
Pleasanton, CA 94588
Pleasanton, CA 94588
Pleasanton, CA 94588
Pleasanton, CA 94588
Pleasanton, CA 94588
San Leandro, CA 94577
San Leandro, CA 94577
San Leandro, CA 94577
San Leandro, CA 94577
San Leandro, CA 94577
San Leandro, CA 94577
San Leandro, CA 94577
San Leandro, CA 94577
San Leandro, CA 94577
San Leandro, CA 94577
San Leandro, CA 94577
San Leandro, CA 94577
San Leandro, CA 94577
San Leandro, CA 94577
San Leandro, CA 94577
San Leandro, CA 94578
San Leandro, CA 94578
San Leandro, CA 94578
San Leandro, CA 94577
San Leandro, CA 94577
Union City, CA 94587
Union City, CA 94587
Union City, CA 94587
Union City, CA 94587
Union City, CA 94587
